config,trace,ipc,speedup,l1d_load_mpki,accuracy,coverage,l2c_load_mpki,l2c_instr_mpki,l2c_data_mpki
baseline,Trace1,0.2321,1.0000,10.6788,,0.0000,17.7251,10.3665,7.3586
baseline,Trace2,0.2500,1.0000,13.5372,,0.0000,28.5496,19.8440,8.7056
baseline,Trace3,0.3819,1.0000,3.4036,,0.0000,3.9612,1.1265,2.8347
dynirrip_0.10,Trace1,0.2320,0.9993,10.6794,,-0.0060,17.5823,10.0826,7.4998
dynirrip_0.10,Trace2,0.2546,1.0185,13.5402,,-0.0222,24.2552,15.2882,8.9670
dynirrip_0.10,Trace3,0.3817,0.9997,3.4036,,-0.0024,3.9555,1.0806,2.8749
dynirrip_0.20,Trace1,0.2320,0.9993,10.6794,,-0.0060,17.5823,10.0826,7.4998
dynirrip_0.20,Trace2,0.2546,1.0185,13.5402,,-0.0222,24.2552,15.2882,8.9670
dynirrip_0.20,Trace3,0.3817,0.9995,3.4036,,0.0000,3.9809,1.1068,2.8741
dynirrip_0.25,Trace1,0.2320,0.9993,10.6794,,-0.0060,17.5823,10.0826,7.4998
dynirrip_0.25,Trace2,0.2546,1.0185,13.5402,,-0.0222,24.2501,15.2808,8.9692
dynirrip_0.25,Trace3,0.3817,0.9995,3.4036,,0.0000,3.9809,1.1068,2.8741
dynirrip_0.30,Trace1,0.2320,0.9993,10.6794,,-0.0060,17.5823,10.0826,7.4998
dynirrip_0.30,Trace2,0.2541,1.0166,13.5402,,-0.0222,24.5924,15.6579,8.9345
dynirrip_0.30,Trace3,0.3817,0.9995,3.4036,,0.0000,3.9809,1.1068,2.8741
dynirrip_0.40,Trace1,0.2320,0.9994,10.6785,,0.0026,17.7136,10.3184,7.3952
dynirrip_0.40,Trace2,0.2541,1.0166,13.5402,,-0.0222,24.5924,15.6579,8.9345
dynirrip_0.40,Trace3,0.3816,0.9994,3.4035,,0.0012,3.9813,1.1062,2.8751
ipstride,Trace1,0.2331,1.0043,10.1193,52.9313,5.2388,17.2288,10.3982,6.8306
ipstride,Trace2,0.2501,1.0006,13.4384,37.9151,0.7304,28.4752,19.8362,8.6389
ipstride,Trace3,0.3827,1.0021,3.3177,16.0642,2.5232,3.7742,1.1423,2.6319
irrip,Trace1,0.2320,0.9994,10.6793,,-0.0052,17.5790,10.0619,7.5170
irrip,Trace2,0.2547,1.0190,13.5392,,-0.0145,24.1651,15.1688,8.9963
irrip,Trace3,0.3817,0.9996,3.4037,,-0.0047,3.9516,1.0752,2.8764
rrip,Trace1,0.2321,1.0001,10.6780,,0.0071,17.6593,10.5848,7.0745
rrip,Trace2,0.2508,1.0031,13.5362,,0.0074,26.8944,18.7836,8.1108
rrip,Trace3,0.3816,0.9992,3.4034,,0.0035,4.0436,1.1990,2.8446
spp,Trace1,0.2341,1.0085,9.5452,55.9743,10.6147,16.8478,10.4498,6.3980
spp,Trace2,0.2524,1.0098,13.0939,51.9841,3.2748,28.1460,19.8890,8.2570
spp,Trace3,0.3899,1.0211,2.8146,50.3706,17.3031,3.2248,1.1400,2.0849
spp_dynirrip,Trace1,0.2342,1.0089,9.5508,55.5468,10.5630,16.5691,10.0430,6.5262
spp_dynirrip,Trace2,0.2571,1.0285,13.0975,51.5366,3.2485,23.7256,15.2208,8.5048
spp_dynirrip,Trace3,0.3898,1.0209,2.8207,49.9564,17.1256,3.1952,1.0721,2.1232
spp_dynirrip_unaware,Trace1,0.2341,1.0088,9.5546,55.8302,10.5274,16.6493,10.1123,6.5370
spp_dynirrip_unaware,Trace2,0.2570,1.0281,13.0950,51.9847,3.2665,23.8403,15.3398,8.5005
spp_dynirrip_unaware,Trace3,0.3897,1.0206,2.8239,50.0697,17.0316,3.2698,1.1429,2.1269
